Cluster,age,sex,cp,trestbps,chol,fbs,restecg,thalach,exang,oldpeak,slope,ca,thal,HeartDisease,Count
0,51.56603773584906,0.5974842767295597,2.7232704402515724,129.03773584905662,244.24528301886792,0.1320754716981132,0.8553459119496856,162.52201257861634,0.06918238993710692,0.5075471698113208,1.3081761006289307,0.3333333333333333,3.742138364779874,0.1761006289308176,159
1,57.611111111111114,0.7708333333333334,3.638888888888889,134.61805555555554,249.39583333333334,0.16666666666666666,1.1388888888888888,135.34722222222223,0.6111111111111112,1.6270833333333334,1.9236111111111112,1.0277777777777777,5.805555555555555,0.7708333333333334,144
